title,link,date
Sweetwaters Targeting October Opening in Fort Lauderdale,https://www.businessdebut.com/sweetwaters-targeting-october-opening-in-fort-lauderdale/,2026-04-09
Grant’s Crabs Seafood & Grille Opening Soon in Havana,https://www.businessdebut.com/grants-crabs-seafood-grille-opening-soon-in-havana/,2026-04-09
Trattoria On Main Soft Opening This Weekend in Monroe,https://www.businessdebut.com/trattoria-on-main-soft-opening-this-weekend/,2026-04-09
Smoke and Maple Restaurant Bringing Gastropub Concept to Palm Beach Gardens,https://www.businessdebut.com/smoke-and-maple-restaurant-bringing-gastropub-concept-to-palm-beach-gardens/,2026-04-09
"19 Restaurants Opening Across Florida [April 8, 2026]",https://www.businessdebut.com/19-restaurants-opening-across-florida-april-8-2026/,2026-04-08
Shaka Taco Opening New Location in Wilmington,https://www.businessdebut.com/shaka-taco-opening-new-location-in-wilmington/,2026-04-07
Fork U Concepts Expanding With Two New Locations in Atlanta,https://www.businessdebut.com/fork-u-concepts-expanding-with-two-new-locations-in-metro-atlanta/,2026-04-07
Surcheros Fresh Mex Opening Soon in Augusta,https://www.businessdebut.com/surcheros-fresh-mex-opening-soon-in-augusta/,2026-04-07
CocoLuxe Ice Cream & Sweets Debuting Vegan Dessert Trailer in Atlanta,https://www.businessdebut.com/cocoluxe-ice-cream-sweets-debuting-vegan-dessert-trailer-in-atlanta/,2026-04-07
Amorino Bringing Italian Gelato to Medley Johns Creek,https://www.businessdebut.com/amorino-bringing-italian-gelato-to-medley-johns-creek/,2026-04-07
"Georgia New Restaurant Roundup! [April 7, 26]",https://www.businessdebut.com/georgia-new-restaurant-roundup-april-7-26/,2026-04-07
Taste of Bengal Set to Open in Pineville,https://www.businessdebut.com/taste-of-bengal-set-to-open-in-pineville/,2026-04-07
Grain and Berry Bringing Superfood Café Concept to Apex,https://www.businessdebut.com/grain-and-berry-bringing-superfood-cafe-concept-to-apex/,2026-04-07
Vic’s Italian Restaurant Coming Soon to Six Forks Road in Raleigh,https://www.businessdebut.com/vics-italian-restaurant-coming-soon-to-six-forks-road-in-raleigh/,2026-04-07
Goofy Foot Taproom and Brewery Nears Boone Opening,https://www.businessdebut.com/goofy-foot-taproom-and-brewery-nears-boone-opening/,2026-04-07
Unhinged Coffee & Co. Opening a Brick and Mortar in Knightdale,https://www.businessdebut.com/unhinged-coffee-co-opening-a-brick-and-mortar-in-knightdale/,2026-04-07
Lucky Goat Coffee to Open New Location in Jacksonville,https://www.businessdebut.com/lucky-goat-coffee-to-open-new-location-in-jacksonville/,2026-04-07
Five Iron Golf Bringing Indoor Golf Concept to Coral Gables,https://www.businessdebut.com/five-iron-golf-bringing-indoor-golf-concept-to-coral-gables/,2026-04-07
Amorino Set to Open in St. Petersburg With Grand Opening Event,https://www.businessdebut.com/amorino-set-to-open-in-st-petersburg-with-grand-opening-event/,2026-04-07
Iron Oak Cigar Lounge Opening in Concord,https://www.businessdebut.com/iron-oak-cigar-lounge-opening-in-concord/,2026-04-07
French Toast Buckhead Soft Opens on Cheshire Bridge Road,https://www.businessdebut.com/french-toast-buckhead-soft-opens-on-cheshire-bridge-road/,2026-04-06
Pho 5 Spices Bringing Vietnamese Cuisine to Savannah,https://www.businessdebut.com/pho-5-spices-bringing-vietnamese-cuisine-to-savannah/,2026-04-04
"6 New (& Coming Soon) Palm Beach County Restaurants [April 1, 2026]",https://www.businessdebut.com/6-new-coming-soon-palm-beach-county-restaurants-april-1-2026/,
Casa Cotzelli Bringing Italian Dining Concept to Naples,https://www.businessdebut.com/casa-cotzelli-bringing-italian-dining-concept-to-naples/,
Gochas Latin Food Preparing New Restaurant in Orange Park,https://www.businessdebut.com/gochas-latin-food-preparing-new-restaurant-in-orange-park/,
Tides Turning Food Trailer Opening in Horseshoe Beach,https://www.businessdebut.com/tides-turning-food-trailer-opening-in-horseshoe-beach/,
"5 New (& Coming Soon) Duval County Restaurants [April 4, 2026]",https://www.businessdebut.com/5-new-coming-soon-duval-county-restaurants-april-4-2026/,
Dunc’s Bar and Grill Bringing Southern Yankee Queen to Fort Walton Beach,https://www.businessdebut.com/duncs-bar-and-grill-bringing-southern-yankee-queen-to-fort-walton-beach/,
